-- phpMyAdmin SQL Dump
-- version 5.1.1
-- https://www.phpmyadmin.net/
--
-- Host: 127.0.0.1
-- Waktu pembuatan: 08 Jul 2022 pada 16.08
-- Versi server: 10.4.22-MariaDB
-- Versi PHP: 8.1.1

SET SQL_MODE = "NO_AUTO_VALUE_ON_ZERO";
START TRANSACTION;
SET time_zone = "+00:00";


/*!40101 SET @OLD_CHARACTER_SET_CLIENT=@@CHARACTER_SET_CLIENT */;
/*!40101 SET @OLD_CHARACTER_SET_RESULTS=@@CHARACTER_SET_RESULTS */;
/*!40101 SET @OLD_COLLATION_CONNECTION=@@COLLATION_CONNECTION */;
/*!40101 SET NAMES utf8mb4 */;

--
-- Database: `spksales`
--

-- --------------------------------------------------------

--
-- Struktur dari tabel `isi_kompetensi`
--

CREATE TABLE `isi_kompetensi` (
  `id_isi` int(11) NOT NULL,
  `id_kompetensi` int(11) DEFAULT NULL,
  `isi_kompetensi` text DEFAULT NULL,
  `ket` varchar(50) DEFAULT NULL
) ENGINE=InnoDB DEFAULT CHARSET=latin1;

--
-- Dumping data untuk tabel `isi_kompetensi`
--

INSERT INTO `isi_kompetensi` (`id_isi`, `id_kompetensi`, `isi_kompetensi`, `ket`) VALUES
(26, 8, 'Sikap Mental (Attitude) &amp; Motivasi Kerja', '0'),
(27, 8, 'Aktif dan Berani Mengemukakan Pendapat', '0'),
(28, 8, 'Kreatifitas', '0'),
(29, 9, 'Hubungan Baik Internal &amp; Eksternal', '0,1'),
(30, 9, 'Komunikasi Internal &amp; Eksternal', '0,1'),
(31, 9, 'Negosiasi &amp; Deal Sales ', '0,1'),
(32, 9, 'Pencapaian Target Kegiatan Bulanan', '0,1'),
(33, 10, 'Mencari Peluang Pasar Baru', '0,1,2'),
(34, 10, 'Ketepatan Laporan', '0,1,2'),
(35, 10, 'Penguasaan Area &amp; Pengetahuan Produk', '0,1,2');

-- --------------------------------------------------------

--
-- Struktur dari tabel `jenis_kompetensi`
--

CREATE TABLE `jenis_kompetensi` (
  `id_kompetensi` int(11) NOT NULL,
  `nama_kompetensi` varchar(50) DEFAULT '0',
  `bobot_kompetensi` int(11) DEFAULT 0
) ENGINE=InnoDB DEFAULT CHARSET=latin1;

--
-- Dumping data untuk tabel `jenis_kompetensi`
--

INSERT INTO `jenis_kompetensi` (`id_kompetensi`, `nama_kompetensi`, `bobot_kompetensi`) VALUES
(8, 'Kepribadian', 20),
(9, 'Objektif Bisnis', 50),
(10, 'Keterampilan', 30);

-- --------------------------------------------------------

--
-- Struktur dari tabel `jenis_user`
--

CREATE TABLE `jenis_user` (
  `id_jenis_user` int(10) NOT NULL,
  `jabatan` varchar(20) DEFAULT NULL,
  `level` int(11) DEFAULT NULL
) ENGINE=InnoDB DEFAULT CHARSET=latin1;

--
-- Dumping data untuk tabel `jenis_user`
--

INSERT INTO `jenis_user` (`id_jenis_user`, `jabatan`, `level`) VALUES
(0, 'Area Sales Manager', 0),
(3, 'Pegawai', 1),
(5, 'Kepala', 3);

-- --------------------------------------------------------

--
-- Struktur dari tabel `penilai`
--

CREATE TABLE `penilai` (
  `id_penilai` int(11) NOT NULL,
  `nip` char(18) DEFAULT NULL,
  `id_periode` int(11) DEFAULT NULL
) ENGINE=InnoDB DEFAULT CHARSET=latin1;

--
-- Dumping data untuk tabel `penilai`
--

INSERT INTO `penilai` (`id_penilai`, `nip`, `id_periode`) VALUES
(78, '12312', 7);

-- --------------------------------------------------------

--
-- Struktur dari tabel `penilaian`
--

CREATE TABLE `penilaian` (
  `id_nilai` int(11) NOT NULL,
  `id_penilai_detail` int(11) DEFAULT NULL,
  `id_isi` int(11) DEFAULT NULL,
  `hasil_nilai` double(11,1) DEFAULT NULL
) ENGINE=InnoDB DEFAULT CHARSET=latin1;

--
-- Dumping data untuk tabel `penilaian`
--

INSERT INTO `penilaian` (`id_nilai`, `id_penilai_detail`, `id_isi`, `hasil_nilai`) VALUES
(1239, 259, 26, 0.8),
(1240, 259, 27, 0.4),
(1241, 259, 28, 0.4),
(1242, 259, 29, 0.8),
(1243, 259, 30, 0.8),
(1244, 259, 31, 0.9),
(1245, 259, 32, 0.8),
(1246, 259, 33, 0.6),
(1247, 259, 34, 0.7),
(1248, 259, 35, 0.8),
(1249, 260, 29, 0.8),
(1250, 260, 30, 0.7),
(1251, 260, 31, 0.8),
(1252, 260, 32, 1.6),
(1253, 260, 33, 1.6),
(1254, 260, 34, 1.4),
(1255, 260, 35, 1.4);

-- --------------------------------------------------------

--
-- Struktur dari tabel `penilai_detail`
--

CREATE TABLE `penilai_detail` (
  `id_penilai_detail` int(11) NOT NULL,
  `id_penilai` int(11) NOT NULL,
  `nip` char(16) NOT NULL
) ENGINE=InnoDB DEFAULT CHARSET=latin1;

--
-- Dumping data untuk tabel `penilai_detail`
--

INSERT INTO `penilai_detail` (`id_penilai_detail`, `id_penilai`, `nip`) VALUES
(259, 78, '1991011020201003'),
(260, 78, '12345');

-- --------------------------------------------------------

--
-- Struktur dari tabel `periode`
--

CREATE TABLE `periode` (
  `id_periode` int(11) NOT NULL,
  `tahun_ajar` varchar(50) NOT NULL,
  `semester` varchar(50) NOT NULL,
  `status_periode` int(11) NOT NULL,
  `setting` varchar(50) NOT NULL
) ENGINE=InnoDB DEFAULT CHARSET=latin1;

--
-- Dumping data untuk tabel `periode`
--

INSERT INTO `periode` (`id_periode`, `tahun_ajar`, `semester`, `status_periode`, `setting`) VALUES
(7, '2022', '', 1, '20;30;50');

-- --------------------------------------------------------

--
-- Struktur dari tabel `user`
--

CREATE TABLE `user` (
  `nip` char(18) NOT NULL,
  `id_jenis_user` int(11) DEFAULT NULL,
  `password` varchar(100) DEFAULT NULL,
  `nama_guru` varchar(100) DEFAULT NULL,
  `status_guru` varchar(100) DEFAULT NULL,
  `alamat` text DEFAULT NULL,
  `tempat_lahir` varchar(100) DEFAULT NULL,
  `tgl_lahir` date DEFAULT NULL,
  `jenis_kelamin` char(1) DEFAULT NULL,
  `status_nikah` char(1) DEFAULT NULL,
  `no_telp` varchar(20) DEFAULT NULL,
  `area_kerja` varchar(255) DEFAULT NULL
) ENGINE=InnoDB DEFAULT CHARSET=latin1;

--
-- Dumping data untuk tabel `user`
--

INSERT INTO `user` (`nip`, `id_jenis_user`, `password`, `nama_guru`, `status_guru`, `alamat`, `tempat_lahir`, `tgl_lahir`, `jenis_kelamin`, `status_nikah`, `no_telp`, `area_kerja`) VALUES
('12312', 3, 'test2', 'test2', 'TETAP', 'Omnis occaecat ut si', 'In voluptatibus id ', '1977-08-15', 'L', 'B', 'Et exercitationem fa', 'Qui voluptate delect'),
('123213', 3, '123', 'Aliquip dolor impedi', 'Tetap', 'Cum eligendi qui ut ', 'Neque sint aliqua A', '1970-01-12', 'L', 'N', 'Asperiores eu iure v', 'Voluptatem Ea anim '),
('12345', 3, 'test', 'test', 'Tetap', 'jlanajsadjadadj', 'asdj', '2022-06-05', 'L', 'B', '08929029', 'aafjafkaa'),
('123456', 5, 'kcabang', 'kcabang', 'TETAP', 'jaladnasndsadlk', 'bdg', '2022-06-01', 'L', 'B', '082293200', 'bdg'),
('1991011020201003', 0, 'manager', 'Sales Manager', 'Tetap', 'Bandung', 'Bandung', '1990-08-31', 'L', 'B', '08974650548', ''),
('321321', 3, '123', 'test3', 'Tetap', 'Voluptas proident t', 'Omnis explicabo Nih', '1992-04-05', 'L', 'B', 'Dolorem fugiat duis', 'Cum porro adipisci q');

--
-- Indexes for dumped tables
--

--
-- Indeks untuk tabel `isi_kompetensi`
--
ALTER TABLE `isi_kompetensi`
  ADD PRIMARY KEY (`id_isi`),
  ADD KEY `id_kompetensi` (`id_kompetensi`);

--
-- Indeks untuk tabel `jenis_kompetensi`
--
ALTER TABLE `jenis_kompetensi`
  ADD PRIMARY KEY (`id_kompetensi`);

--
-- Indeks untuk tabel `jenis_user`
--
ALTER TABLE `jenis_user`
  ADD PRIMARY KEY (`id_jenis_user`);

--
-- Indeks untuk tabel `penilai`
--
ALTER TABLE `penilai`
  ADD PRIMARY KEY (`id_penilai`),
  ADD KEY `nip` (`nip`),
  ADD KEY `id_periode` (`id_periode`);

--
-- Indeks untuk tabel `penilaian`
--
ALTER TABLE `penilaian`
  ADD PRIMARY KEY (`id_nilai`),
  ADD KEY `id_isi` (`id_isi`),
  ADD KEY `id_penilai_detail` (`id_penilai_detail`);

--
-- Indeks untuk tabel `penilai_detail`
--
ALTER TABLE `penilai_detail`
  ADD PRIMARY KEY (`id_penilai_detail`),
  ADD KEY `id_penilai` (`id_penilai`),
  ADD KEY `nip` (`nip`);

--
-- Indeks untuk tabel `periode`
--
ALTER TABLE `periode`
  ADD PRIMARY KEY (`id_periode`);

--
-- Indeks untuk tabel `user`
--
ALTER TABLE `user`
  ADD PRIMARY KEY (`nip`),
  ADD KEY `id_jenis_user` (`id_jenis_user`);

--
-- AUTO_INCREMENT untuk tabel yang dibuang
--

--
-- AUTO_INCREMENT untuk tabel `isi_kompetensi`
--
ALTER TABLE `isi_kompetensi`
  MODIFY `id_isi` int(11) NOT NULL AUTO_INCREMENT, AUTO_INCREMENT=36;

--
-- AUTO_INCREMENT untuk tabel `jenis_kompetensi`
--
ALTER TABLE `jenis_kompetensi`
  MODIFY `id_kompetensi` int(11) NOT NULL AUTO_INCREMENT, AUTO_INCREMENT=11;

--
-- AUTO_INCREMENT untuk tabel `jenis_user`
--
ALTER TABLE `jenis_user`
  MODIFY `id_jenis_user` int(10) NOT NULL AUTO_INCREMENT, AUTO_INCREMENT=6;

--
-- AUTO_INCREMENT untuk tabel `penilai`
--
ALTER TABLE `penilai`
  MODIFY `id_penilai` int(11) NOT NULL AUTO_INCREMENT, AUTO_INCREMENT=79;

--
-- AUTO_INCREMENT untuk tabel `penilaian`
--
ALTER TABLE `penilaian`
  MODIFY `id_nilai` int(11) NOT NULL AUTO_INCREMENT, AUTO_INCREMENT=1256;

--
-- AUTO_INCREMENT untuk tabel `penilai_detail`
--
ALTER TABLE `penilai_detail`
  MODIFY `id_penilai_detail` int(11) NOT NULL AUTO_INCREMENT, AUTO_INCREMENT=261;

--
-- AUTO_INCREMENT untuk tabel `periode`
--
ALTER TABLE `periode`
  MODIFY `id_periode` int(11) NOT NULL AUTO_INCREMENT, AUTO_INCREMENT=8;

--
-- Ketidakleluasaan untuk tabel pelimpahan (Dumped Tables)
--

--
-- Ketidakleluasaan untuk tabel `isi_kompetensi`
--
ALTER TABLE `isi_kompetensi`
  ADD CONSTRAINT `FK_isi_kompetensi_jenis_kompetensi` FOREIGN KEY (`id_kompetensi`) REFERENCES `jenis_kompetensi` (`id_kompetensi`) ON DELETE CASCADE ON UPDATE CASCADE;

--
-- Ketidakleluasaan untuk tabel `penilai`
--
ALTER TABLE `penilai`
  ADD CONSTRAINT `FK_penilai_periode` FOREIGN KEY (`id_periode`) REFERENCES `periode` (`id_periode`) ON DELETE CASCADE ON UPDATE CASCADE,
  ADD CONSTRAINT `FK_penilai_user` FOREIGN KEY (`nip`) REFERENCES `user` (`nip`) ON DELETE CASCADE ON UPDATE CASCADE;

--
-- Ketidakleluasaan untuk tabel `penilaian`
--
ALTER TABLE `penilaian`
  ADD CONSTRAINT `FK_penilaian_isi_kompetensi` FOREIGN KEY (`id_isi`) REFERENCES `isi_kompetensi` (`id_isi`) ON DELETE CASCADE ON UPDATE CASCADE,
  ADD CONSTRAINT `FK_penilaian_penilai_detail` FOREIGN KEY (`id_penilai_detail`) REFERENCES `penilai_detail` (`id_penilai_detail`) ON DELETE CASCADE ON UPDATE CASCADE;

--
-- Ketidakleluasaan untuk tabel `penilai_detail`
--
ALTER TABLE `penilai_detail`
  ADD CONSTRAINT `FK_penilai_detail_penilai` FOREIGN KEY (`id_penilai`) REFERENCES `penilai` (`id_penilai`) ON DELETE CASCADE ON UPDATE CASCADE,
  ADD CONSTRAINT `FK_penilai_detail_user` FOREIGN KEY (`nip`) REFERENCES `user` (`nip`) ON DELETE CASCADE ON UPDATE CASCADE;

--
-- Ketidakleluasaan untuk tabel `user`
--
ALTER TABLE `user`
  ADD CONSTRAINT `FK_user_jenis_user` FOREIGN KEY (`id_jenis_user`) REFERENCES `jenis_user` (`id_jenis_user`) ON DELETE CASCADE ON UPDATE CASCADE;
COMMIT;

/*!40101 SET CHARACTER_SET_CLIENT=@OLD_CHARACTER_SET_CLIENT */;
/*!40101 SET CHARACTER_SET_RESULTS=@OLD_CHARACTER_SET_RESULTS */;
/*!40101 SET COLLATION_CONNECTION=@OLD_COLLATION_CONNECTION */;
